,ASV_1,ASV_2,ASV_3,ASV_4,ASV_5,ASV_6,ASV_7,ASV_8,ASV_9,ASV_10,ASV_11,ASV_13,ASV_14,ASV_15,ASV_16,ASV_17,ASV_18,ASV_19,ASV_23,ASV_30,ASV_31,ASV_34,ASV_35,ASV_36,ASV_37,ASV_41,ASV_42,ASV_44,ASV_46,ASV_51,ASV_52,ASV_66,ASV_71,ASV_83,ASV_87,ASV_93,ASV_129,elevation,extract-concen,amplicon-concentration,depth,ph,toc,ec,average-soil-relative-humidity,relative-humidity-soil-high,relative-humidity-soil-low,percent-relative-humidity-soil-100,average-soil-temperature,temperature-soil-high,temperature-soil-low,percentcover
BAQ2420.1.1,0.0,0.0,0.0,0.0,0.0,0.0,0.0,3.8790672565823923,0.0,0.0,0.0,0.0,0.0,0.0,0.0,0.0,0.0,0.0,0.0,0.0,0.0,0.0,0.0,0.0,2.7070274993594654,3.0835050705943776,2.1962018755934745,0.0,0.0,0.0,0.0,0.0,0.0,0.0,0.0,0.0,0.0,-0.40213991905188967,-0.43581915409774075,-0.31622771892426504,-2.1650635094610964,2.1589260434694566,0.0,0.0,0.5306796723145373,0.6475837691883881,-0.1355059036510838,0.18689446882023777,1.2447046253974512,0.761470509506671,0.9839660986687869,-0.6021381645809012
BAQ2420.1.2,0.0,0.0,0.0,2.6683533197486247,0.0,2.1575276959826337,0.0,0.0,0.0,0.0,3.3813031276047494,3.0048255563698376,2.0885348244956825,0.0,0.0,0.0,0.0,0.0,0.0,0.0,0.0,0.0,3.233667128798685,0.0,2.745314360884753,0.0,0.0,0.0,0.0,0.0,0.0,0.0,0.0,2.745314360884753,1.934384144668424,0.0,2.0144268523419604,-0.40213991905188967,-0.47672135558009515,0.27828906885191446,0.0,2.204029892834112,-0.3321955525272638,-0.6237635281522991,0.5306796723145373,0.6475837691883881,-0.1355059036510838,0.18689446882023777,1.2447046253974512,0.761470509506671,0.9839660986687869,-0.6021381645809012
BAQ2420.1.3,0.0,1.2504387972950954,0.0,0.0,0.0,0.0,0.0,0.0,0.0,0.0,0.0,2.454411601621031,0.0,0.0,0.0,0.0,0.0,0.0,0.0,0.0,0.0,0.0,2.5497217814253563,0.0,0.0,0.0,0.0,0.0,0.0,0.0,0.0,0.0,0.0,0.0,0.0,0.0,0.0,-0.40213991905188967,-0.47266493890415917,0.06828562640361223,2.1650635094610964,1.5124375359093796,0.0,0.0,0.5306796723145373,0.6475837691883881,-0.1355059036510838,0.18689446882023777,1.2447046253974512,0.761470509506671,0.9839660986687869,-0.6021381645809012
BAQ2420.2,0.0,3.8582512463695373,3.0253421234344335,0.0,0.0,2.668667179495701,0.0,0.0,0.0,0.0,2.891810730809911,2.7704498738056436,0.0,2.8628231939366584,1.639047762314543,0.0,0.0,0.0,0.0,0.0,0.0,0.0,0.0,0.0,0.0,0.0,0.0,2.632299535324826,0.0,0.0,0.0,0.0,0.0,2.1090513915602784,0.0,0.0,1.8213693191084974,-0.40213991905188967,-0.4799326854485445,0.07715901129579408,0.0,2.204029892834112,-0.25285271193524267,-0.6237635281522991,0.5306796723145373,0.6475837691883881,-0.1355059036510838,0.18689446882023777,1.2447046253974512,0.761470509506671,0.9839660986687869,-0.6021381645809012
BAQ2420.3,0.0,0.0,3.1588202316126615,0.0,0.0,2.019385948424296,0.0,3.007997341878078,0.0,0.0,0.0,2.884383385910901,0.0,0.0,0.0,0.0,0.0,0.0,0.0,0.0,0.0,0.0,0.0,0.0,0.0,0.0,0.0,0.0,0.0,0.0,0.0,0.0,0.0,0.0,0.0,0.0,0.0,-0.40213991905188967,-0.48094678961752846,0.9437929357655482,0.0,2.204029892834112,-0.1428863188340204,-0.6237635281522991,0.5306796723145373,0.6475837691883881,-0.1355059036510838,0.18689446882023777,1.2447046253974512,0.761470509506671,0.9839660986687869,-0.6021381645809012
BAQ2462.1,0.0,3.3929463197313177,2.767240419966905,0.0,0.0,0.0,0.0,0.0,0.0,0.0,0.0,3.158106728653917,0.0,4.443930559410172,0.0,0.0,0.0,0.0,0.0,0.0,0.0,0.0,0.0,0.0,1.7718123675340258,0.0,0.0,2.6997991391713723,0.0,0.0,0.0,0.0,0.0,1.8289707813739748,0.0,0.0,0.0,-0.36045024503466233,-0.2979009871159177,0.8506223943976394,0.0,0.6855336308906749,-0.3289475999884091,-0.3044029314304352,0.10132277058183635,0.5905561747950363,-0.40559924035507755,-1.000637640801739,1.1176120238335034,0.911054361424083,0.9287259633135373,-0.6021381645809012
BAQ2462.2,0.0,2.8905026162498517,2.025505178763247,0.0,0.0,0.0,0.0,0.0,0.0,2.907894358961721,0.0,3.3907461306853053,0.0,3.7302532710016725,0.0,0.0,0.0,2.066327173283502,0.0,0.0,0.0,0.0,0.0,0.0,0.0,0.0,2.58512096669867,0.0,0.0,0.0,0.0,0.0,0.0,0.0,0.0,0.0,0.0,-0.36045024503466233,-0.4866933799084378,0.1259626282027939,0.0,0.6855336308906749,-0.255636671254261,-0.3044029314304352,0.10132277058183635,0.5905561747950363,-0.40559924035507755,-1.000637640801739,1.1176120238335034,0.911054361424083,0.9287259633135373,-0.6021381645809012
BAQ2462.3,0.0,0.0,3.5863967803270835,0.0,0.0,0.0,0.0,3.708999102419416,2.4877844916589735,3.158952765500144,0.0,3.0411697298437605,0.0,2.848797837196304,0.0,0.0,0.0,0.0,0.0,0.0,0.0,0.0,0.0,0.0,0.0,0.0,0.0,0.0,1.9172396331913606,0.0,0.0,0.0,0.0,1.144049744957879,0.0,0.0,0.0,-0.36045024503466233,-0.48382008476298316,-0.15946458582905343,0.0,0.6855336308906749,-0.11504672564383756,-0.3044029314304352,0.10132277058183635,0.5905561747950363,-0.40559924035507755,-1.000637640801739,1.1176120238335034,0.911054361424083,0.9287259633135373,-0.6021381645809012
BAQ2687.1,0.0,0.0,0.0,0.0,0.0,0.0,0.0,0.0,0.0,0.0,0.0,0.0,3.310550262572602,0.0,0.0,0.0,0.0,0.0,3.423345756717946,2.3247334680498364,3.3543528852309947,3.4753054956486573,0.0,0.0,0.0,2.769419289311282,0.0,0.0,0.0,0.0,1.5037529159800063,0.0,2.6612057046710493,0.0,0.0,1.6708070006431726,0.0,-0.1371127056566587,-0.28826699751056983,-1.2272285678549282,0.0,0.6855336308906749,-0.15216618323074801,-0.5822688798543306,0.23306452423384616,0.6475837691883881,-0.773659275261954,0.10298165437315207,0.37350534048329453,0.08309642453871427,0.5352041321914673,-0.5690851291248757
BAQ2687.2,0.0,0.0,0.0,0.0,0.0,0.1,0.0,3.2135153092103743,0.0,0.0,0.0,2.4978952727983708,0.0,0.0,0.0,0.0,0.0,0.0,0.0,0.0,0.0,0.0,0.0,0.0,0.0,0.0,0.0,0.0,0.0,0.0,0.0,0.0,0.0,2.7390573296152585,0.0,0.0,0.0,-0.1371127056566587,-0.4525518728859767,1.1818954303724263,0.0,0.6855336308906749,-0.24682080007736973,-0.5822688798543306,0.23306452423384616,0.6475837691883881,-0.773659275261954,0.10298165437315207,0.37350534048329453,0.08309642453871427,0.5352041321914673,-0.5690851291248757
BAQ2687.3,0.0,0.0,0.0,1.8411910853019497,0.0,0.0,0.0,0.0,0.0,0.0,0.0,0.0,0.0,0.0,0.0,0.0,0.0,0.0,0.0,0.0,0.0,0.0,0.0,0.0,1.995341765129208,2.757481817176105,0.0,0.0,0.0,0.0,0.0,0.0,0.0,0.0,1.4357259771937854,0.0,0.0,-0.1371127056566587,-0.2962108135009444,0.37885409762997463,0.0,0.6855336308906749,-0.22362113908555067,-0.5822688798543306,0.23306452423384616,0.6475837691883881,-0.773659275261954,0.10298165437315207,0.37350534048329453,0.08309642453871427,0.5352041321914673,-0.5690851291248757
BAQ2838.1,0.0,0.0,3.7394067178787203,3.0307553507828096,0.0,0.0,0.0,0.0,0.0,3.995836246826397,0.0,2.3376081702228646,0.0,0.0,0.0,0.0,0.0,3.572352633215554,0.0,0.0,0.0,0.0,0.0,0.0,2.204076777598342,0.0,2.204076777598342,0.0,0.0,0.0,0.0,0.0,0.0,0.0,0.0,0.0,2.3982327920392996,0.012771598548134847,-0.41604412280255293,0.2028652972683693,0.0,0.7005682473455601,-0.24542882041786057,-0.5222498349947693,-0.675092310263181,0.6475837691883881,-0.9066433210706243,-0.7167623749062794,0.5538948394772845,0.0820676497662426,0.5418739937359095,-0.6021381645809012
BAQ2838.2,0.0,0.0,2.3816293673170796,0.0,0.0,0.0,0.0,0.0,0.0,0.0,0.0,2.241867424941921,0.0,0.0,0.0,0.0,0.0,2.4650109762561305,0.0,0.0,0.0,0.0,0.0,0.0,0.0,0.0,0.0,0.0,0.0,0.0,0.0,0.0,0.0,0.0,0.0,0.0,0.0,0.012771598548134847,-0.4427488659191314,0.7160427235328826,0.0,0.7005682473455601,-0.288580189862644,-0.5222498349947693,-0.675092310263181,0.6475837691883881,-0.9066433210706243,-0.7167623749062794,0.5538948394772845,0.0820676497662426,0.5418739937359095,-0.6021381645809012
BAQ2838.3,0.0,0.0,2.519486459420922,3.01847762553991,0.0,2.5766448732608707,0.0,0.0,0.0,0.0,0.0,0.0,0.0,0.0,0.0,0.0,0.0,0.0,0.0,0.0,0.0,0.0,0.0,0.0,0.0,0.0,0.0,0.0,0.0,0.0,0.0,0.0,0.0,0.0,1.9888582083587516,0.0,0.0,0.012771598548134847,-0.4704677132046939,0.668718004107913,0.0,0.7005682473455601,-0.23800492890047847,-0.5222498349947693,-0.675092310263181,0.6475837691883881,-0.9066433210706243,-0.7167623749062794,0.5538948394772845,0.0820676497662426,0.5418739937359095,-0.6021381645809012
BAQ3473.1,0.0,0.0,0.0,2.9657912654547203,0.0,0.0,0.0,0.0,4.7943647078054905,0.0,0.0,0.0,2.272644084894775,0.0,0.0,0.0,1.222821960396097,0.0,0.0,0.0,0.0,0.0,2.6781091930029395,2.9904838780450915,0.0,0.0,3.4512990812364213,0.0,0.0,0.0,0.0,0.0,0.0,0.0,0.0,0.0,0.0,0.6430797652371673,2.2725150465355104,-1.2198340804447767,0.0,0.0540797397854832,1.2959566558785967,-0.36812685560231523,0.5150492947626036,0.6475837691883881,-0.10543255206517785,-0.10386725905112264,-0.5981380972797882,-0.8037074293320455,-0.41396847220987537,-0.20550173910859565
BAQ3473.2,3.9198251003388527,0.0,0.0,3.8020420646824697,0.0,0.0,0.0,0.0,3.5631501564001207,0.0,3.7507487702949187,0.0,2.787311259995062,0.0,0.0,0.0,2.464537867732011,0.0,0.0,0.0,0.0,0.0,0.0,3.0309333426528124,2.1926041522483692,0.0,3.291216440916479,2.946375954624749,2.128065631110798,0.0,0.0,2.3103871879047526,2.1926041522483692,0.0,0.0,0.0,1.8179107028069583,0.6430797652371673,0.37884452831940024,0.22356986201679355,0.0,0.0540797397854832,-0.020392108797215855,-0.36812685560231523,0.5150492947626036,0.6475837691883881,-0.10543255206517785,-0.10386725905112264,-0.5981380972797882,-0.8037074293320455,-0.41396847220987537,-0.20550173910859565
BAQ3473.3,0.0,0.0,0.0,2.309268340367906,0.0,0.0,0.0,0.0,3.777240732502064,0.0,0.0,0.0,0.0,0.0,0.0,0.0,0.0,0.0,0.0,0.0,0.0,0.0,0.0,2.553465300879948,0.0,0.0,0.0,0.0,0.0,0.0,2.390946371382173,0.0,0.0,0.0,0.0,0.0,0.0,0.6430797652371673,-0.34116943165923475,-0.758418066051324,0.0,0.0540797397854832,7.223006046068526,-0.36812685560231523,0.5150492947626036,0.6475837691883881,-0.10543255206517785,-0.10386725905112264,-0.5981380972797882,-0.8037074293320455,-0.41396847220987537,-0.20550173910859565
BAQ4166.1.1,0.0,0.0,0.0,3.5113010551959105,0.0,0.0,0.0,0.0,0.0,0.0,0.0,0.0,2.9647573488278405,0.0,0.0,0.0,0.0,0.0,0.0,0.0,3.1695517614738535,2.818153874635965,0.0,0.0,0.0,2.5478635448960536,0.0,0.0,0.0,0.0,1.4831528079036251,0.0,0.0,0.0,0.0,0.0,0.0,1.3309593865214184,5.165754240646842,-0.9432802513051112,-2.1650635094610964,-3.388847428383301,0.0,0.0,1.0876314928385307,0.6475837691883881,1.7181776995995395,1.5445476946616856,-1.42833976878622,-1.45183553598933,-1.0467502084774372,1.7446273527969067
BAQ4166.1.2,0.0,0.0,0.0,0.0,0.0,0.0,0.0,0.0,3.1814289974002077,0.0,0.0,0.0,3.858046876008942,0.0,0.0,0.0,0.0,0.0,2.734116779356543,2.7081412929532824,3.2294382165865683,3.427263959916488,0.0,2.248608963574842,0.0,0.0,0.0,0.0,0.0,0.0,1.468450406025267,2.1150775709503193,2.567062694693377,0.0,0.0,1.6355044906884333,0.0,1.3309593865214184,2.223838046424278,1.2883760490786076,0.0,-1.0133780285113887,0.5582074363387511,-0.6170947453901257,1.0876314928385307,0.6475837691883881,1.7181776995995395,1.5445476946616856,-1.42833976878622,-1.45183553598933,-1.0467502084774372,1.7446273527969067
BAQ4166.1.3,0.0,0.0,0.0,3.67771967341636,0.0,0.0,0.0,0.0,0.0,0.0,0.0,0.0,3.287758751844161,0.0,0.0,0.0,1.059281631003837,0.0,0.0,3.347477986545783,0.0,0.0,0.0,0.0,0.0,0.0,0.0,0.0,0.0,0.0,0.0,2.54735868643367,0.0,0.0,0.0,1.4159565749425695,0.0,1.3309593865214184,1.961185066657424,-1.3292724941150187,2.1650635094610964,-0.7277203158685632,0.0,0.0,1.0876314928385307,0.6475837691883881,1.7181776995995395,1.5445476946616856,-1.42833976878622,-1.45183553598933,-1.0467502084774372,1.7446273527969067
BAQ4166.2,1.5960256504392336,0.0,0.0,0.0,0.0,0.0,0.0,0.0,0.0,0.0,0.0,0.0,3.4015784417996247,0.0,0.0,0.0,2.77468064678088,0.0,0.0,0.0,3.042944633375559,2.2466132165803834,0.0,3.7650793508087568,0.0,3.415184093855403,3.205463562873334,0.0,0.0,3.238253385696325,0.0,0.0,0.0,0.0,0.0,1.8837077228910146,0.0,1.3309593865214184,0.004978124687301536,-1.3928650858423217,0.0,-1.0133780285113887,1.3038445406158152,-0.6170947453901257,1.0876314928385307,0.6475837691883881,1.7181776995995395,1.5445476946616856,-1.42833976878622,-1.45183553598933,-1.0467502084774372,1.7446273527969067
BAQ4166.3,2.2122122960268116,0.0,0.0,4.0197201222230055,0.0,0.0,2.664197419769869,0.0,0.0,0.0,0.0,0.0,3.485177971839699,0.0,2.633425761103115,0.0,1.8067471879186474,0.0,0.0,2.1121288374698293,3.6785493648202388,3.3871975634794955,0.0,2.258732311661704,0.0,2.601677062788535,0.0,0.0,0.0,3.3871975634794955,1.364914435639608,2.4257863963248707,2.3457436886513343,0.0,0.0,0.0,0.0,1.3309593865214184,4.393006863881039,-1.3721605210938974,0.0,-1.0133780285113887,0.644510175228318,-0.6170947453901257,1.0876314928385307,0.6475837691883881,1.7181776995995395,1.5445476946616856,-1.42833976878622,-1.45183553598933,-1.0467502084774372,1.7446273527969067
BAQ4697.1,0.0,0.0,0.0,1.758887143254019,3.9561117205902385,0.0,4.258182530494118,0.0,3.3595913757193645,0.0,0.0,0.0,0.0,0.0,3.5862375575847767,0.0,2.6487446180600185,0.0,0.0,2.555218560049195,0.0,0.0,0.0,0.0,0.0,0.0,0.0,0.0,0.0,0.0,0.0,1.262450256940128,0.0,0.0,0.0,0.0,0.0,1.858035979453507,1.2026351482573974,-1.1325791290049891,0.0,-0.6826164665039063,-0.21248530180947753,-0.6385830454015735,0.0,0.0,0.0,0.0,0.0,0.0,0.0,-0.5690851291248757
BAQ4697.2,0.0,0.0,0.0,2.264114859703061,4.450868137171985,0.0,3.5605528917010907,0.0,2.3247394815194955,0.0,0.0,0.0,0.0,0.0,3.5257667756156748,0.0,3.0324854615005936,0.0,0.0,3.1421843787570185,0.0,0.0,0.0,0.0,0.0,0.0,0.0,0.0,0.0,0.1846733180232251,0.0,2.43596511662972,0.0,0.0,0.0,0.0,0.0,1.858035979453507,0.49614257719854876,-1.2301863628189889,0.0,-0.6826164665039063,-0.1628380272869848,-0.6385830454015735,0.0,0.0,0.0,0.0,0.0,0.0,0.0,-0.5690851291248757
BAQ4697.3,0.0,0.0,0.0,2.0829470287910783,3.865137047002982,0.0,4.194025655414096,0.0,2.4978908808537863,0.0,0.0,0.0,0.0,0.0,3.810802696039653,0.0,2.45942460002599,0.0,0.0,2.9464395750982626,0.0,0.0,0.0,0.0,0.0,0.0,0.0,0.0,0.0,0.0,0.0,1.7856955053231465,0.0,0.0,0.0,0.0,0.0,1.858035979453507,0.9017842447921459,-1.2050451056244738,0.0,-0.6826164665039063,-0.1164387053033467,-0.6385830454015735,0.0,0.0,0.0,0.0,0.0,0.0,0.0,-0.5690851291248757
YUN1005.1.1,0.0,0.0,0.0,0.0,0.0,0.0,0.0,0.0,0.0,0.0,0.0,0.0,0.0,0.0,0.0,1.8125487941700948,0.0,0.0,0.0,0.0,0.0,0.0,0.0,0.0,0.0,0.0,0.0,0.0,0.0,0.0,0.0,0.0,0.0,0.0,0.0,0.0,0.0,-1.8066848889180014,-0.4775664423875818,0.5370961282072165,-2.1650635094610964,-0.5322703019550515,0.0,0.0,-1.4419377721988513,-1.80520719689824,-0.9162164089053002,-1.0059937778941062,1.273402954782859,0.34234766720162824,1.5339731429489165,-0.6021381645809012
YUN1005.3,0.0,0.0,0.0,0.0,0.0,0.0,0.0,0.908756469200806,0.0,0.0,0.0,0.0,0.0,0.0,0.0,2.332791158303544,0.0,0.0,0.0,0.0,0.0,0.0,0.0,0.0,0.0,0.0,0.0,0.0,0.0,0.0,0.0,0.0,0.0,0.0,0.0,0.0,0.0,-1.8066848889180014,-0.49024274449988176,-0.7717281433895966,0.0,-0.44206260322573904,-0.3057479389965901,1.0026784899555692,-1.4419377721988513,-1.80520719689824,-0.9162164089053002,-1.0059937778941062,1.273402954782859,0.34234766720162824,1.5339731429489165,-0.6021381645809012
YUN1242.1,0.0,0.0,0.0,0.0,0.0,0.0,0.0,1.1521948654750722,0.0,0.0,0.0,0.7467297573669079,0.0,0.0,0.0,0.0,0.0,0.0,0.0,0.0,0.0,0.0,0.0,0.0,0.0,0.0,0.0,0.0,0.0,0.0,0.0,0.0,0.0,0.0,0.0,0.0,0.0,-1.5714360141065042,-0.4564392722004153,1.4288713098714856,0.0,1.6627837004582342,-0.30435595933708093,0.6877637484084876,-1.4355580262592869,-1.611476921431049,-0.8967868194513694,-1.0059937778941062,1.4824907831622565,0.6221744053139793,1.8452333483562031,-0.6021381645809012
YUN1242.3,0.0,0.0,3.255975276587867,0.0,0.0,0.0,0.0,2.8233591794137523,0.0,0.0,0.0,1.8455833638889163,0.0,0.0,0.0,0.0,0.0,0.0,0.0,0.0,0.0,0.0,0.0,0.0,0.0,0.0,0.0,0.0,0.0,0.0,0.0,0.0,0.0,0.0,0.0,0.0,0.0,-1.5714360141065042,-0.4865243625469405,0.8979471138226089,0.0,1.6627837004582342,-0.19949349165405889,0.6877637484084876,-1.4355580262592869,-1.611476921431049,-0.8967868194513694,-1.0059937778941062,1.4824907831622565,0.6221744053139793,1.8452333483562031,-0.6021381645809012
YUN1609.1,0.0,0.0,5.128407464614192,0.0,0.0,0.0,0.0,2.832253261950437,0.0,0.0,0.0,2.0864623479050697,0.0,0.0,0.0,2.0590633737169552,0.0,3.5631407704932294,0.0,0.0,0.0,0.0,0.0,0.0,0.0,0.0,0.0,0.0,0.8734397080592154,0.0,0.0,0.0,0.0,0.0,0.0,0.0,0.0,-1.2071476720988272,-0.4897356924153897,-0.4611596721632342,0.0,0.15932205496968227,-0.24171687465916952,-0.36294002456506913,-1.5542213007351893,-1.115863039982592,-1.0362893823053618,-1.0059937778941062,1.0438163196995986,0.163340856791521,1.4638540856868354,-0.6021381645809012
YUN2029.2,0.0,0.0,0.0,0.0,0.0,0.0,0.0,3.8056982526039658,0.0,3.7339543477451245,0.0,1.2895390593118612,0.0,0.0,0.0,3.8095370289111314,0.0,3.0241401146999674,0.0,0.0,0.0,0.0,0.0,0.0,0.547601714582484,0.0,0.0,0.0,0.0,0.0,0.0,0.0,0.0,0.0,0.0,0.0,0.0,-0.7902509319265537,-0.455763202754426,1.0606258368459418,0.0,-0.006058726034058932,-0.29739606103953525,-0.6296913350520089,-1.1838770489434616,-1.0394233093431242,-0.7456328010091203,-1.0059937778941062,0.30175951701977616,-0.08973773723656145,0.4565339703852301,-0.6021381645809012
YUN3153.2,0.0,0.0,0.0,1.4768881008221448,0.0,0.0,0.0,0.0,0.0,3.6879060002907003,0.0,2.5755003894902546,0.0,0.0,0.0,3.440497826976859,0.0,0.0,0.0,0.0,0.0,0.0,0.0,0.0,0.0,0.0,0.0,0.0,1.0068844715764091,0.0,0.0,0.0,0.0,0.0,0.0,0.0,0.0,0.3254441536773399,-0.4116496714036223,1.0872459915224872,0.0,-0.44206260322573904,-0.3233796813503726,0.9952687313309317,-0.19820630128072378,0.4040432320347348,-0.4193920445379329,-1.0059937778941062,-0.7949266416368684,-1.0238652306410279,-0.6944447012582,-0.6021381645809012
YUN3153.3,0.0,0.0,0.0,1.3285929537574777,0.0,0.0,0.0,3.5654266691887426,0.0,0.0,0.0,1.3285929537574777,0.0,0.0,0.0,3.4845745725596475,0.0,2.8625233136834325,0.0,0.0,0.0,0.0,0.0,0.0,0.0,0.0,0.0,0.0,1.2332827739531527,0.0,0.0,0.0,0.0,0.0,0.0,0.0,0.0,0.3254441536773399,-0.45779141109239396,1.3120384087910923,0.0,-0.44206260322573904,-0.22779707806407812,0.9952687313309317,-0.19820630128072378,0.4040432320347348,-0.4193920445379329,-1.0059937778941062,-0.7949266416368684,-1.0238652306410279,-0.6944447012582,-0.6021381645809012
YUN3259.1.2,0.0,0.0,2.267740560650329,3.1638285852069647,0.0,3.877178473084429,0.0,0.0,0.0,3.935447381208405,0.0,0.0,0.0,2.7377441898960644,2.267740560650329,0.0,3.0096779053797063,2.4075025030254875,0.0,0.0,0.0,0.0,3.8671281372309276,0.0,1.8369576445578748,0.0,0.0,0.0,1.2179184361516515,0.0,0.0,0.0,1.5745933800903835,0.0,0.0,0.0,0.0,0.43066095000653276,-0.23418144183142348,1.0916826839685783,0.0,0.3096682195185369,-0.21480526790865945,-0.5807869281294032,0.8825226608815271,0.6475837691883881,0.7432342806470331,0.6439515007022355,-0.22505981526949081,-0.19467276402869346,-0.2104521840589569,0.19113468636370995
YUN3259.1.3,0.0,0.0,0.0,0.0,0.0,4.0079354804177925,0.0,0.0,0.0,3.8088068053074564,0.0,0.0,0.0,4.125718516074175,0.0,0.0,1.6771795104570504,0.0,0.0,0.0,0.0,0.0,2.909323191749683,0.0,0.0,0.0,0.0,0.0,0.0,0.0,0.0,0.0,0.0,0.0,1.523028830629792,0.0,0.0,0.43066095000653276,-0.43936851868918475,1.4244346174253952,2.1650635094610964,0.7607067131651036,0.0,0.0,0.8825226608815271,0.6475837691883881,0.7432342806470331,0.6439515007022355,-0.22505981526949081,-0.19467276402869346,-0.2104521840589569,0.19113468636370995
YUN3259.2,0.0,0.0,0.0,3.292827653636691,0.0,0.0,0.0,0.0,0.0,0.0,0.0,1.7667713501416416,0.0,0.0,0.0,0.0,0.0,0.0,0.0,0.0,0.0,0.0,0.0,2.4086252363140366,2.4086252363140366,0.0,0.0,0.0,1.7667713501416416,0.0,0.0,0.0,0.0,0.0,2.9606938186140765,0.0,0.0,0.43066095000653276,-0.1679266361244693,0.3803329951120049,0.0,0.3096682195185369,-0.2505327458360608,-0.5807869281294032,0.8825226608815271,0.6475837691883881,0.7432342806470331,0.6439515007022355,-0.22505981526949081,-0.19467276402869346,-0.2104521840589569,0.19113468636370995
YUN3259.3,0.0,0.0,2.592718442956078,3.2144066595338785,0.0,4.04570417857464,0.0,0.0,0.0,3.840543129810863,0.0,0.0,1.710329262757604,0.0,0.0,0.0,0.0,3.195714526521726,0.0,0.0,0.0,0.0,2.4034764433175493,0.0,2.483519150991086,0.0,0.0,0.0,0.0,0.0,0.0,0.0,0.0,0.0,1.9980113352093851,0.0,1.933472814071814,0.43066095000653276,0.10165605546377547,1.0650625292920324,0.0,0.3096682195185369,-0.15912608152829374,-0.5807869281294032,0.8825226608815271,0.6475837691883881,0.7432342806470331,0.6439515007022355,-0.22505981526949081,-0.19467276402869346,-0.2104521840589569,0.19113468636370995
YUN3346.1,0.0,0.0,0.0,1.8161058760835505,0.0,4.536774541144972,0.0,0.0,0.0,0.0,0.0,1.9496372687080727,0.0,2.53278355405369,0.0,0.0,0.0,0.0,0.0,0.0,0.0,0.0,0.0,0.0,0.0,0.0,0.0,0.0,0.0,0.0,0.0,0.0,0.0,1.8161058760835505,0.0,0.0,0.0,0.5170181318993609,-0.44190377911164475,1.0857670940404567,0.0,-1.193793425970015,-0.21016533571029564,-0.6467337798886744,0.6831556002701319,0.6475837691883881,0.3892819541280996,-0.16099938803637223,-0.10001709437592923,-0.13088872813543648,-0.11125937134674452,-0.5988328610352986
YUN3346.2,3.6150090354148694,0.0,0.0,0.0,0.0,0.0,0.0,0.0,0.0,0.0,0.0,0.0,0.0,2.005571122980769,0.0,0.0,0.0,0.0,0.0,0.0,0.0,0.0,0.0,0.0,0.0,0.0,0.0,0.0,0.0,0.0,0.0,0.0,0.0,0.0,0.0,0.0,0.0,0.5170181318993609,-0.4412277096656554,0.9940754501545787,0.0,-1.193793425970015,-0.10019894260907336,-0.6467337798886744,0.6831556002701319,0.6475837691883881,0.3892819541280996,-0.16099938803637223,-0.10001709437592923,-0.13088872813543648,-0.11125937134674452,-0.5988328610352986
YUN3346.3,3.5320449024147167,0.0,0.0,2.3103725209893797,0.0,3.489027517331026,0.0,0.0,0.0,2.7393681265077383,0.0,1.3760632836125466,0.0,0.0,0.0,0.0,0.0,2.762357644732437,0.0,0.0,0.0,0.0,0.0,0.0,0.0,0.0,0.0,0.0,0.0,0.0,0.0,0.0,0.0,0.0,1.057609552494012,0.0,0.0,0.5170181318993609,-0.28911208431805646,1.1242184285732446,0.0,-1.193793425970015,-0.22965305094342364,-0.6467337798886744,0.6831556002701319,0.6475837691883881,0.3892819541280996,-0.16099938803637223,-0.10001709437592923,-0.13088872813543648,-0.11125937134674452,-0.5988328610352986
YUN3428.1,0.0,0.0,0.0,0.0,3.8308328369569487,0.0,0.0,0.0,0.0,0.0,3.4584285911096724,0.0,2.187203559774569,0.0,0.0,0.0,1.6907666734606779,0.0,3.529046158323626,0.0,0.0,0.0,0.0,0.0,0.0,0.0,0.0,2.662627256489644,1.4496046166437897,0.0,0.0,0.0,2.27058516871362,0.0,0.0,0.0,0.0,0.5984122573615666,-0.1968286049405131,0.8550590868437304,0.0,-1.043447261421159,-0.12015065106203775,-0.6622942730004125,1.0873125055415522,0.6475837691883881,1.7153435617537471,1.5297545541208621,-0.5673898872239947,-0.7214054475342955,-0.583280342184169,2.3065289555493402
YUN3428.2,3.138666804933371,0.0,0.0,0.0,0.0,4.047522558320007,0.0,0.0,0.0,0.0,3.1199746719212182,1.9828961024253124,0.0,0.0,0.0,0.0,1.452267851363142,0.0,3.7940736575104688,0.0,0.0,0.0,2.8632548250734042,0.0,0.0,0.0,0.0,0.0,0.0,0.0,2.145415031923087,0.0,2.2407252117274123,0.0,2.5169785883555704,0.0,1.6345894081570964,0.5984122573615666,-0.15896871596511067,-0.4330606200046585,0.0,-1.043447261421159,-0.12107863750171051,-0.6622942730004125,1.0873125055415522,0.6475837691883881,1.7153435617537471,1.5297545541208621,-0.5673898872239947,-0.7214054475342955,-0.583280342184169,2.3065289555493402
YUN3428.3,0.0,0.0,0.0,0.0,0.0,0.0,0.0,0.0,0.0,0.0,3.484351708483427,0.0,3.3084610420197627,0.0,0.0,0.0,2.401739761161758,0.0,4.011177673595858,0.0,0.0,0.0,0.0,0.0,2.2475890813345,0.0,0.0,2.940736261894445,1.7551125962367058,0.0,0.0,0.0,0.0,0.0,2.1904306674945513,1.5544419007745545,1.9221666808998719,0.5984122573615666,-0.024768930936228954,0.8757636515921547,0.0,-1.043447261421159,-0.10391088836776441,-0.6622942730004125,1.0873125055415522,0.6475837691883881,1.7153435617537471,1.5297545541208621,-0.5673898872239947,-0.7214054475342955,-0.583280342184169,2.3065289555493402
YUN3533.1.1,0.0,0.0,0.0,0.0,0.0,0.0,0.0,0.0,0.0,0.0,0.0,2.3921587978588423,0.0,0.0,0.0,0.0,2.1557700197946117,0.0,0.0,0.0,0.0,0.0,0.0,0.0,0.0,0.0,0.0,0.0,1.393629967747715,0.0,0.0,0.0,0.0,0.0,0.0,0.0,0.0,0.702636442404635,0.07157096511725036,0.7027326461946096,-2.1650635094610964,-1.193793425970015,0.0,0.0,1.0876314928385307,0.6475837691883881,1.7159733701639235,1.5430173697781522,-1.0183636347089697,-1.108224761983722,-0.6961549221670312,2.240422884637289
YUN3533.1.2,3.8683692396095917,0.0,0.0,0.0,2.906958072454967,0.0,0.0,0.0,0.0,0.0,3.7432060966555856,1.882453755940579,0.0,0.0,2.798744487814734,0.0,1.7283030761133207,0.0,0.0,0.0,0.0,0.0,0.0,0.0,0.0,0.0,0.0,3.1145974372332113,1.9514466274275304,0.0,1.5459815193193662,0.0,0.0,0.0,0.0,0.0,0.0,0.702636442404635,0.047570499784629204,0.7071693386407008,0.0,0.15932205496968227,-0.1674779594853486,-0.6615532971379489,1.0876314928385307,0.6475837691883881,1.7159733701639235,1.5430173697781522,-1.0183636347089697,-1.108224761983722,-0.6961549221670312,2.240422884637289
YUN3533.1.3,4.724359248693545,3.85659555771405,0.0,3.3100518513459805,3.0522227420438806,0.0,0.0,0.0,0.0,0.0,3.4378852228558654,2.0908115748892557,0.0,0.0,3.354503613916814,0.0,0.0,0.0,0.0,0.0,0.0,3.417682515538346,0.0,0.0,0.0,0.0,0.0,0.0,1.828447310421765,0.0,0.0,0.0,0.0,0.0,0.0,0.6244745060958289,1.6053037591075552,0.702636442404635,-0.15913773332660805,-0.2940442566938106,2.1650635094610964,-0.14137027412802838,0.0,0.0,1.0876314928385307,0.6475837691883881,1.7159733701639235,1.5430173697781522,-1.0183636347089697,-1.108224761983722,-0.6961549221670312,2.240422884637289
YUN3533.2,3.2144169048943527,5.904877412969576,0.0,0.0,3.3838350568523996,0.0,0.0,0.0,0.0,0.0,2.824219268916977,0.0,0.0,0.0,0.0,0.0,1.6790869646139743,0.0,0.0,0.0,0.0,0.0,0.0,0.0,0.0,0.0,0.0,0.0,1.7480798361009258,1.6790869646139743,1.6049789924602524,0.0,0.0,0.0,0.0,1.5249362847867163,0.0,0.702636442404635,1.066069120167553,0.708648236122731,0.0,0.15932205496968227,-0.05055166808658061,-0.6615532971379489,1.0876314928385307,0.6475837691883881,1.7159733701639235,1.5430173697781522,-1.0183636347089697,-1.108224761983722,-0.6961549221670312,2.240422884637289
YUN3533.3,3.656992572298073,3.540355668572312,0.0,3.384485297865527,2.9729778753014,0.0,0.0,0.0,0.0,0.0,2.8776676954970752,0.0,2.8157922917789877,0.0,0.0,0.0,2.297849200244133,0.0,0.0,0.0,0.0,0.0,0.0,0.0,0.0,0.0,0.0,0.0,2.101138905998079,0.0,2.2237412280904114,0.0,0.0,0.0,0.0,1.7988580341251454,0.0,0.702636442404635,0.12058599995147669,1.1671064555521231,0.0,0.15932205496968227,-0.10112692904874612,-0.6615532971379489,1.0876314928385307,0.6475837691883881,1.7159733701639235,1.5430173697781522,-1.0183636347089697,-1.108224761983722,-0.6961549221670312,2.240422884637289
YUN3856.1.1,0.0,0.0,0.0,0.0,0.0,0.0,0.7098667538685665,0.0,0.0,0.0,0.0,0.0,0.0,0.0,0.0,0.0,3.31255643931295,0.0,0.0,0.0,0.0,0.0,0.0,0.0,0.0,0.0,0.0,2.459066608677825,1.8084790425366757,0.0,0.0,0.0,0.0,0.0,0.0,0.0,0.0,1.0232498878228358,0.5941726468670014,0.5016025886384893,-2.1650635094610964,-1.37420882342864,0.0,0.0,1.0697682042077497,0.6475837691883881,0.8915541612434899,1.3838635818906708,-1.4078409620823575,-1.4703534818938238,-1.2126416366340682,0.4225059345558883
YUN3856.1.2,5.640628353353138,0.0,0.0,0.0,0.0,0.0,3.7813107331137923,0.0,0.0,0.0,3.737347609692676,0.0,0.0,0.0,0.0,0.0,2.0212999622003176,0.0,0.0,0.0,1.646606512758907,0.0,0.0,0.0,2.1931502191269767,0.0,0.0,0.0,2.139082997856701,0.0,0.0,0.0,0.0,0.0,0.0,1.8877685695757949,0.0,1.0232498878228358,0.5580029315065724,1.0073855274928512,0.0,-0.6976510829587927,-0.07839126127676346,-0.6578484178256302,1.0697682042077497,0.6475837691883881,0.8915541612434899,1.3838635818906708,-1.4078409620823575,-1.4703534818938238,-1.2126416366340682,0.4225059345558883
YUN3856.1.3,0.0,0.0,2.7167948904100307,0.0,0.0,0.0,0.0,0.0,3.5232707562769794,0.0,0.0,2.2705077877816113,0.0,0.0,0.0,0.0,1.8958143383402006,0.0,3.08143800399794,0.0,0.0,0.0,2.793755931546159,0.0,0.0,0.0,0.0,0.0,0.0,2.2705077877816113,1.4438292145971432,0.0,0.0,0.0,0.0,0.0,0.0,1.0232498878228358,0.03472518031083195,1.2765448692223653,2.1650635094610964,-0.5322703019550515,0.0,0.0,1.0697682042077497,0.6475837691883881,0.8915541612434899,1.3838635818906708,-1.4078409620823575,-1.4703534818938238,-1.2126416366340682,0.4225059345558883
YUN3856.2,4.303065051648902,0.0,0.0,3.825279281961112,0.0,0.0,0.0,0.0,0.0,0.0,3.0541705599314546,0.0,0.0,0.0,0.0,0.0,2.877239851772376,0.0,0.0,0.0,0.0,0.0,0.0,0.0,3.080838807013616,0.0,0.0,0.0,2.3336244051833948,2.7013491853087124,2.534295100645546,0.0,0.0,0.0,0.0,1.0526905597213305,0.0,1.0232498878228358,0.21117930571404675,1.1212606336091842,0.0,-0.6976510829587927,-0.22176516620620515,-0.6578484178256302,1.0697682042077497,0.6475837691883881,0.8915541612434899,1.3838635818906708,-1.4078409620823575,-1.4703534818938238,-1.2126416366340682,0.4225059345558883
YUN3856.3,0.0,0.0,0.0,0.0,0.0,0.0,3.8213683770159736,0.0,0.0,0.0,3.4403543647719736,0.0,2.8698095063043607,0.0,0.0,0.0,2.573543690161188,0.0,0.0,0.0,0.0,0.0,0.0,0.0,2.3843016905226597,0.0,0.0,0.0,2.7326083847908755,2.6402350646598602,2.6074452418368694,0.0,0.0,0.0,0.0,2.201980133728705,0.0,1.0232498878228358,0.6365960046028318,0.9349195508733664,0.0,-0.6976510829587927,0.04920687417824128,-0.6578484178256302,1.0697682042077497,0.6475837691883881,0.8915541612434899,1.3838635818906708,-1.4078409620823575,-1.4703534818938238,-1.2126416366340682,0.4225059345558883
